UPC,produit,prixht,prixat,taxe,disponibilités,nombredavis,image
a22124811bfa8350,Books,£45.17,£45.17,£0.00,In stock (19 available),0,It's_Only_.jpg
ce60436f52c5ee68,Books,£49.43,£49.43,£0.00,In stock (15 available),0,Full_Moon_.jpg
f9705c362f070608,Books,£48.87,£48.87,£0.00,In stock (14 available),0,See_Americ.jpg
1809259a5a5f1d8d,Books,£36.94,£36.94,£0.00,In stock (8 available),0,Vagabondin.jpg
a94350ee74deaa07,Books,£37.33,£37.33,£0.00,In stock (7 available),0,Under_the_.jpg
cc1936a9f4e93477,Books,£44.34,£44.34,£0.00,In stock (7 available),0,A_Summer_I.jpg
48736df57e7bec9f,Books,£30.54,£30.54,£0.00,In stock (6 available),0,The_Great_.jpg
9e60929f521fa280,Books,£56.88,£56.88,£0.00,In stock (6 available),0,A_Year_in_.jpg
366a236aa1ea6f07,Books,£23.21,£23.21,£0.00,In stock (3 available),0,The_Road_t.jpg
747cf7fca2ccdbd4,Books,£38.95,£38.95,£0.00,In stock (3 available),0,Neither_He.jpg
228ba5e7577e1d49,Books,£26.08,£26.08,£0.00,In stock (1 available),0,"1,000_Plac.jpg"
